{
  "cluster_id": [
    0,
    1,
    2,
    3,
    4,
    5,
    6,
    7
  ],
  "clusters": [
    [
      -0.04413360357284546,
      -0.12286268919706345,
      -0.02391737699508667,
      -0.07387689501047134,
      0.027621537446975708,
      -0.05904892832040787,
      -0.18454226851463318,
      -0.11561772227287292,
      -0.15562428534030914,
      0.03489077091217041,
      0.1572369933128357,
      -0.15844298899173737,
      -0.3938520550727844,
      0.03266113996505737
    ],
    [
      1.0287245512008667,
      -0.35738909244537354,
      1.3434474468231201,
      0.2680823504924774,
      0.02564024180173874,
      -0.1757347583770752,
      1.2688889503479004,
      -0.07165581732988358,
      -0.12839508056640625,
      1.369353175163269,
      1.2840588092803955,
      1.3269968032836914,
      1.0730317831039429,
      0.731648862361908
    ],
    [
      -0.11402520537376404,
      -0.34138357639312744,
      1.3442888259887695,
      0.035440124571323395,
      0.1093476191163063,
      -0.07825767993927002,
      -0.06070372089743614,
      0.01232893019914627,
      -0.2519359290599823,
      1.3687856197357178,
      1.2587215900421143,
      0.9587458372116089,
      1.2870711088180542,
      0.3176790475845337
    ],
    [
      0.11033360660076141,
      -0.0568692684173584,
      1.19242262840271,
      -0.10460637509822845,
      0.03684382885694504,
      -0.09872075915336609,
      -0.11722664535045624,
      0.12436503171920776,
      -0.17406338453292847,
      1.3582510948181152,
      1.205081582069397,
      -0.08526588976383209,
      -0.39470645785331726,
      1.3693556785583496
    ],
    [
      0.08801057189702988,
      -0.1832939088344574,
      -0.15734165906906128,
      -0.0802747905254364,
      -0.0026024356484413147,
      -0.13741566240787506,
      -0.1197829395532608,
      -0.13424068689346313,
      -0.3087499141693115,
      1.386829137802124,
      0.3707277476787567,
      -0.01132136583328247,
      -0.27564889192581177,
      0.392705500125885
    ],
    [
      0.025607436895370483,
      -0.5122469067573547,
      0.5673118829727173,
      -0.17041733860969543,
      0.09007352590560913,
      -0.1547670215368271,
      -0.9855698347091675,
      -0.32955023646354675,
      -0.2502173185348511,
      1.301846981048584,
      0.8229770660400391,
      -1.0734256505966187,
      -1.1518105268478394,
      0.5657659769058228
    ],
    [
      -0.11638709902763367,
      -0.1303911656141281,
      1.077883005142212,
      -0.20596624910831451,
      1.1076514720916748,
      1.3058115243911743,
      -0.263314813375473,
      -0.020178284496068954,
      -0.1184166669845581,
      1.1490589380264282,
      0.3136231303215027,
      -0.11515428125858307,
      -0.25922855734825134,
      0.5819949507713318
    ],
    [
      0.03854839503765106,
      -0.16524817049503326,
      1.3802032470703125,
      -0.11421579122543335,
      -0.004143238067626953,
      -0.12419579178094864,
      -0.15108706057071686,
      -0.09391049295663834,
      -0.17022553086280823,
      1.395344614982605,
      1.1515657901763916,
      -0.08913500607013702,
      -0.2676018178462982,
      -0.001133739948272705
    ]
  ]
}